id,title,description,starter_code,expected_output,test_cases,created_at,updated_at
0278f0dd-500e-4191-8c20-3c8e446cf52d,Loop Through Dictionary,Write a function print_dict(dictionary) that prints each key-value pair in the format 'key: value' using a for loop.,"def print_dict(dictionary):
    # TODO: Print each key-value pair
    pass

data = {'name': 'Pikachu', 'type': 'Electric', 'level': 25}
print_dict(data)","name: Pikachu
type: Electric
level: 25",,2025-11-18 05:56:15.289259+00,2025-11-18 05:56:15.289259+00
22b80faf-80d0-4c98-a300-79e7331ca95a,Nested Dictionary Access,"Given a nested dictionary, access and print the value of 'city' inside 'address'.","person = {
    'name': 'Alice',
    'age': 25,
    'address': {
        'street': '123 Main St',
        'city': 'NYC',
        'zip': '10001'
    }
}
# TODO: Access and print the city value
",NYC,,2025-11-18 05:56:15.289259+00,2025-11-18 05:56:15.289259+00
230eb6e0-2f8b-48e0-bf42-86dbc0ebd8af,Reverse Dictionary,"Write a function reverse_dict(input_dict) that swaps keys and values. Given {'a': '1', 'b': '2'}, return {'1': 'a', '2': 'b'}.","def reverse_dict(input_dict):
    # TODO: Swap keys and values
    pass

data = {'a': '1', 'b': '2', 'c': '3'}
result = reverse_dict(data)
print(result)","{'1': 'a', '2': 'b', '3': 'c'}",,2025-11-18 05:56:15.289259+00,2025-11-18 05:56:15.289259+00
2a4b5373-0b08-41f6-95f1-b2ca0ce008d3,Dictionary Merge,"Write a function merge_dicts(dict1, dict2) that combines two dictionaries. If a key exists in both, keep the value from dict2.","def merge_dicts(dict1, dict2):
    # TODO: Merge two dictionaries
    pass

d1 = {'a': 1, 'b': 2}
d2 = {'b': 3, 'c': 4}
result = merge_dicts(d1, d2)
print(result)","{'a': 1, 'b': 3, 'c': 4}",,2025-11-18 05:56:15.289259+00,2025-11-18 05:56:15.289259+00
48ce6376-1b92-468b-aef8-5658f487a066,Find Email Pattern,"Use the re module to check if a string contains a valid email pattern (word@word.word). Return True if found, False otherwise.","import re

def has_email(text):
    # TODO: Check for email pattern using re.search()
    pass

result = has_email('Contact: user@example.com')
print(result)",True,,2025-11-18 05:56:15.289259+00,2025-11-18 05:56:15.289259+00
503e457b-2f23-437e-a522-b0a3b6fc1193,Replace Digits,"Use re.sub() to replace all digits in a string with 'X'. For 'Code: 123ABC456', return 'Code: XXXABCXXX'.","import re

text = 'Code: 123ABC456'
# TODO: Replace all digits with 'X'
result = 

print(result)",Code: XXXABCXXX,,2025-11-18 05:56:15.289259+00,2025-11-18 05:56:15.289259+00
59d474fc-60fc-4311-99ac-8aa28bb775a7,Find Hashtags,Use regex to find all hashtags (words starting with #) in the text 'Love #Python and #Coding! #Dev'.,"import re

text = 'Love #Python and #Coding! #Dev'
# TODO: Find all hashtags using re.findall()
hashtags = 

print(hashtags)","['#Python', '#Coding', '#Dev']",,2025-11-18 05:56:15.289259+00,2025-11-18 05:56:15.289259+00
5b03483c-e9de-4324-a64b-749da1410b39,Nested Loop Pattern,"Use nested loops to print a triangle pattern with asterisks. For n=4, print 4 rows where row i has i asterisks.","n = 4
# TODO: Print triangle pattern using nested loops

","*
**
***
****",,2025-11-18 05:56:15.289259+00,2025-11-18 05:56:15.289259+00
62921ee2-8009-4fa2-82c6-09871cadbcac,Count Vowels in String,"Write a function count_vowels(text) that counts how many vowels (a,e,i,o,u) are in a string. Use a loop to iterate through the string.","def count_vowels(text):
    # TODO: Count vowels using a loop
    pass

result = count_vowels('hello world')
print(result)",5,,2025-11-18 05:56:15.289259+00,2025-11-18 05:56:15.289259+00
7da5d402-01b2-4745-9f01-f0213ca6dfda,Get Dictionary Keys,"Create a function get_keys_above_value(dictionary, threshold) that returns a list of keys whose values are above the threshold.","def get_keys_above_value(dictionary, threshold):
    # TODO: Find keys with values > threshold
    pass

scores = {'Alice': 85, 'Bob': 72, 'Charlie': 90, 'David': 68}
result = get_keys_above_value(scores, 75)
print(result)","['Alice', 'Charlie']",,2025-11-18 05:56:15.289259+00,2025-11-18 05:56:15.289259+00
8132632f-016b-40c8-9d3b-98abc37ad5dc,Zodiac Reverse Dictionary,"Write a function reverse_dict() that exchanges keys and values in a dictionary. Given zodiacs = {""2020"":""rat"", ""2021"":""ox"", ""2022"":""tiger"", ""2023"":""rabbit""}, return {'rat': '2020', 'ox':'2021', 'tiger':'2022', 'rabbit':'2023'}","def reverse_dict(input_dict):
    # TODO: Implement dictionary reversal
    pass

zodiacs = {""2020"":""rat"", ""2021"":""ox"", ""2022"":""tiger"", ""2023"":""rabbit""}
result = reverse_dict(zodiacs)
print(result)","{'rat': '2020', 'ox': '2021', 'tiger': '2022', 'rabbit': '2023'}",,2025-11-18 05:56:15.289259+00,2025-11-18 05:56:15.289259+00
887255c2-8eca-46b5-bbeb-42b137656e1c,Multiplication Table,"Write a function print_table(n) that prints a multiplication table for n using nested loops (rows 1-n, columns 1-n). Print just the number for n=3.","def print_table(n):
    # TODO: Create multiplication table with nested loops
    pass

print_table(3)
# Should print: 1 2 3
#               2 4 6
#               3 6 9","1 2 3
2 4 6
3 6 9",,2025-11-18 05:56:15.289259+00,2025-11-18 05:56:15.289259+00
9456b005-8a65-48cc-a0ed-ea67cbd49a33,Split by Pattern,"Use re.split() to split the text 'apple,banana;cherry orange' by any of these delimiters: comma, semicolon, or space.","import re

text = 'apple,banana;cherry orange'
# TODO: Split by comma, semicolon, or space
fruits = 

print(fruits)","['apple', 'banana', 'cherry', 'orange']",,2025-11-18 05:56:15.289259+00,2025-11-18 05:56:15.289259+00
9be43b4f-00dd-4e26-9af6-cdfbc8681e33,Dictionary from Two Lists,"Create a dictionary from two lists: keys = ['name', 'age', 'city'] and values = ['Alice', 25, 'NYC']. Use zip() and a loop or dict().","keys = ['name', 'age', 'city']
values = ['Alice', 25, 'NYC']
# TODO: Create dictionary from two lists
person = 

print(person)","{'name': 'Alice', 'age': 25, 'city': 'NYC'}",,2025-11-18 05:56:15.289259+00,2025-11-18 05:56:15.289259+00
a043caee-5292-4da1-9a50-5938dcd57a45,Sum List with Loop,Write a function sum_list(numbers) that takes a list of numbers and returns their sum using a for loop (don't use built-in sum()).,"def sum_list(numbers):
    # TODO: Sum numbers using a loop
    pass

result = sum_list([1, 2, 3, 4, 5])
print(result)",15,,2025-11-18 05:56:15.289259+00,2025-11-18 05:56:15.289259+00
adc44b1a-a83c-4e4b-9ab6-8d45a6beb76f,Dictionary Key Check,"Create a dictionary called pokemon with keys 'name', 'type', 'level'. Check if the key 'name' exists in the dictionary and print True or False.","pokemon = {'name': 'Pikachu', 'type': 'Electric', 'level': 25}
# TODO: Check if 'name' key exists
",True,,2025-11-18 05:56:15.289259+00,2025-11-18 05:56:15.289259+00
b0d1a663-e3c0-4b13-8039-1994ee269e1a,Nested Loop Sum,"Use nested loops to calculate the sum of all numbers in a 2D list: [[1,2,3], [4,5,6], [7,8,9]].","matrix = [[1,2,3], [4,5,6], [7,8,9]]
# TODO: Sum all numbers using nested loops
total = 0

print(total)",45,,2025-11-18 05:56:15.289259+00,2025-11-18 05:56:15.289259+00
c345580d-8db7-4fa6-b69e-f10429d60cf1,Tuple to Lowercase List,Use list comprehension to convert all items in month_abbrevs tuple to lowercase. Store result in month_abbrevs_lower list.,"month_abbrevs = ('Jan', 'Feb', 'Mar', 'Apr')
# TODO: Convert to lowercase using list comprehension
month_abbrevs_lower = 
print(month_abbrevs_lower)","['jan', 'feb', 'mar', 'apr']",,2025-11-18 05:56:15.289259+00,2025-11-18 05:56:15.289259+00
cb0b282f-837d-44f1-a717-0530dc15f24f,Extract Phone Numbers,Use re.findall() to extract all phone numbers in format XXX-XXX-XXXX from text: 'Call 123-456-7890 or 098-765-4321'.,"import re

text = 'Call 123-456-7890 or 098-765-4321'
# TODO: Extract phone numbers using re.findall()
phones = 

print(phones)","['123-456-7890', '098-765-4321']",,2025-11-18 05:56:15.289259+00,2025-11-18 05:56:15.289259+00
d541f184-08d9-409f-a948-f684ace7cf3e,Tuple Unpacking,"Create a tuple called month_abbrevs with Jan, Feb, Mar. Then create three variables first_month, second_month, third_month and unpack the tuple into them.","# Create tuple and unpack it
month_abbrevs = ('Jan', 'Feb', 'Mar')
# TODO: Unpack the tuple
",Jan Feb Mar,,2025-11-18 05:56:15.289259+00,2025-11-18 05:56:15.289259+00
d7141b3f-7289-4d35-a777-83986d9145ac,Count Words in Dictionary,"Create a dictionary that counts how many times each word appears in the list ['cat', 'dog', 'cat', 'bird', 'dog', 'cat'].","words = ['cat', 'dog', 'cat', 'bird', 'dog', 'cat']
# TODO: Create dictionary with word counts
word_count = {}

print(word_count)","{'cat': 3, 'dog': 2, 'bird': 1}",,2025-11-18 05:56:15.289259+00,2025-11-18 05:56:15.289259+00
f7463902-d7ea-42d4-8297-324a1ed03895,Find Even Numbers,Use a for loop to create a list of even numbers from 0 to 20 (inclusive). Use the modulo operator (%).,"# TODO: Create list of even numbers in the range of 0 to 20 using a loop
evens = []

print(evens)","[0, 2, 4, 6, 8, 10, 12, 14, 16, 18, 20]",,2025-11-18 05:56:15.289259+00,2025-11-18 05:56:15.289259+00
fbc4afca-4a59-4b2d-a506-7f4b3dd2a7f3,DNA to mRNA Transcription,"Define transcription(input_sequence, mapping_dict) that translates DNA to mRNA. Use mapping = {'A':'U','T':'A','G':'C','C':'G'}. For input ""TCGTTCAGT"", return ""AGCAAGUCA"".","def transcription(input_sequence, mapping_dict):
    # TODO: Implement DNA to mRNA translation
    pass

input_seq = 'TCGTTCAGT'
mapping = {'A':'U','T':'A','G':'C','C':'G'}
result = transcription(input_seq, mapping)
print(result)",AGCAAGUCA,,2025-11-18 05:56:15.289259+00,2025-11-18 05:56:15.289259+00
fc2a004a-93ff-49d6-bbc1-b06581c10bb6,Validate Username,"Use regex to check if a username is valid: 3-16 characters, only letters, numbers, and underscores. Test with 'user_123'.","import re

def is_valid_username(username):
    # TODO: Check if username matches pattern
    pass

result = is_valid_username('user_123')
print(result)",True,,2025-11-18 05:56:15.289259+00,2025-11-18 05:56:15.289259+00